channel,pre_mean_effect,post_mean_effect,delta_post_minus_pre,t0_effect,t1_effect
economic_vitality,-0.1272500422844406,0.374522077727492,0.5017721200119327,0.2361364239651244,0.2626759994915537
innovation,-0.053466871297022,0.0867188696885155,0.1401857409855375,0.1770234485467366,-0.0717189548892663
composite_index,0.0242305708472118,-0.0489448918426227,-0.0731754626898346,0.0195568813671947,-0.0421421957124298
livability,0.26338989752747,-0.6709245735934202,-0.9343144711208902,-0.3488834260755951,-0.41715029858793
