baseline_model,n_pairs,abs_error_improve_mean,abs_error_improve_ci_low_95,abs_error_improve_ci_high_95,abs_error_p_value_improve,direction_improve_mean,direction_improve_ci_low_95,direction_improve_ci_high_95,direction_p_value_improve,global_main_mae,global_main_ternary_accuracy,global_main_coverage95,method_gate_ready
ridge_full,1770,2.5868953150081384,2.1882252213199624,3.00319311914594,0.0,0.0367231638418079,0.0135451977401129,0.0587570621468926,0.0005,11.28407769499764,0.6237288135593221,0.8468926553672317,False
naive_last,1770,2.1351702289692485,1.6925998064978367,2.596485269252197,0.0,0.5790960451977402,0.5519632768361582,0.6050847457627119,0.0,11.28407769499764,0.6237288135593221,0.8468926553672317,False
ridge_ar2,1770,1.7207210731619076,1.297696251274592,2.141489927798525,0.0,-0.0056497175141242,-0.0305225988700564,0.0186440677966101,0.6935,11.28407769499764,0.6237288135593221,0.8468926553672317,False
