variant,policy_reference_year,treated_share,n_points,pre_mean_abs_coef,pre_max_abs_t,post_mean_coef,post_mean_t,post_peak_abs_coef
source_ai_inferred,2020,0.6617647058823529,7,0.0206464786318753,1.3189633207404396,0.06351303107470097,1.7361954052135673,0.1205979185598538
source_external_direct,2020,0.6617647058823529,7,0.0206464786318753,1.3189633207404396,0.06351303107470097,1.7361954052135673,0.1205979185598538
source_objective_indicator,2020,0.6617647058823529,7,0.0206464786318753,1.3189633207404396,0.06351303107470097,1.7361954052135673,0.1205979185598538
source_objective_macro,2020,0.6617647058823529,7,0.0206464786318753,1.3189633207404396,0.06351303107470097,1.7361954052135673,0.1205979185598538
