continent,city_count,envelope_score_mean,envelope_score_p25,envelope_score_p75,stall_risk_mean,fragility_gap_mean,resilient_share,stall_trap_share
Africa,52,62.64228338085059,56.236874862747875,69.23474317477289,37.8267483330624,-24.815535047788217,0.23076923076923078,0.0
South America,39,61.783683447323945,56.38257109429355,69.09452785749829,37.963912021406856,-23.81977142591708,0.1794871794871795,0.02564102564102564
North America,44,60.41726357361119,55.50694877849212,66.09682239828194,42.47980585636436,-17.937457717246826,0.09090909090909091,0.022727272727272728
Asia,74,59.93456463756471,56.78721540648095,65.92116936459759,45.682301056397996,-14.252263581166716,0.02702702702702703,0.04054054054054054
Europe,67,58.960601736679806,55.06065460175189,63.00863939562471,42.87477040797327,-16.08583132870653,0.08955223880597014,0.04477611940298507
Oceania,19,58.04139631661432,53.61476016022795,64.57137617083495,39.770432267430095,-18.270964049184226,0.10526315789473684,0.0
