estimator,coef,stderr,ci95_low,ci95_high,t_value,p_value,n_obs
twfe_did,0.060179283786387414,0.04043353202653228,-0.028902629781679862,0.13667006510244964,1.4883509001117705,0.13986927989571513,935.0
dml_did,-0.18930250412894428,0.06210236189305848,-0.3110231334393389,-0.06758187481854966,-3.0482335672663625,0.002966517849616806,934.0
dr_did,0.01434250192613999,0.012452912963792095,-0.010065207482892516,0.038750211335172494,1.1517387110824622,0.3015065537742183,836.0
matrix_completion_att,,,,,,,
synthetic_control_ate,0.5255800753114235,,,,,0.165,
elasticity_ln_gdp_pc,,,,,,,
elasticity_internet_users,,,,,,,
