continent,nowcast_year,nowcast_index_mean,nowcast_ci_low_95,nowcast_ci_high_95,trend_estimate,prob_decelerate,prob_accelerate,prob_stable,signal,global_directional_accuracy,global_coverage95,global_r2
Europe,2026,69.79839350573825,19.471675613557515,120.12511139791896,1.0694821787201172,0.4450961568325553,0.4833078045439773,0.0715960386234673,mixed,0.5,0.9,-13.683695373534006
Asia,2026,65.1011775439974,15.993543022772464,114.20881206522232,1.4804900977105688,0.438622138051329,0.4908028994557073,0.0705749624929635,mixed,0.5,0.9,-13.683695373534006
North America,2026,64.62124446245392,19.86023865059954,109.38225027430828,1.3975288656586926,0.4334103034620861,0.4881382737260048,0.0784514228119089,mixed,0.5,0.9,-13.683695373534006
South America,2026,64.8763553509711,16.24232493169167,113.51038577025052,2.228322047555451,0.4242386907352118,0.5041158109803865,0.0716454982844017,mixed,0.5,0.9,-13.683695373534006
Africa,2026,68.13119655730092,21.30633670885254,114.95605640574932,2.340011617176055,0.4210523565904812,0.5062257124272114,0.0727219309823073,mixed,0.5,0.9,-13.683695373534006
Oceania,2026,69.9950236093277,22.91565212291784,117.07439509573756,2.573737491062208,0.4192858246339124,0.5101938976472201,0.0705202777188674,mixed,0.5,0.9,-13.683695373534006
