horizon_years,n_obs,positive_rate,auc,average_precision,brier,top_decile_precision,top_decile_lift,warning_score_0_100,global_stall_exit_half_life,global_accel_break_half_life,global_resilience_score_0_100
1,3245,0.2650231124807396,0.7196260543123202,0.4889375430102886,0.1988351282938075,0.5876923076923077,2.217513416815742,43.27739151219934,1.0,1.0,50.0
2,3245,0.4468412942989214,0.645441936413409,0.6005498167633533,0.2318620515050604,0.7138461538461538,1.5975384615384614,28.855803695116844,1.0,1.0,50.0
3,3245,0.5624036979969184,0.6187786995948292,0.6817221959464663,0.2548459372330587,0.7907692307692308,1.4060526870389884,24.11843610831541,1.0,1.0,50.0
