track,design_variant,preferred_estimator,preferred_effect,preferred_p_value,twfe_coef,twfe_t_value,twfe_perm_p_abs_t,twfe_wild_p_abs_t,twfe_lead_share_p_lt_0_10
main,direct_core,dr_did,0.01434250192613999,0.3015065537742183,0.060179283786387414,1.4883509001117705,0.2222222222222222,0.07692307692307693,0.0
evidence_a,evidence_a,did_dose_response,-0.010341582005952553,0.29852162504373214,-0.01785373946183532,-0.4392478063117233,0.9607843137254902,0.8852459016393442,0.5
evidence_ab,evidence_ab,did_dose_response,-0.009441987823629518,0.33686996219262433,-0.01785373946183532,-0.4392478063117233,0.6274509803921569,0.5245901639344263,0.0
direct_primary,direct_core,did_dose_response,-0.010332809529667045,0.2986702063495785,-0.01785373946183532,-0.4392478063117233,0.6470588235294118,0.7049180327868853,0.0
