estimator,effect,ci95_low,ci95_high,p_value,credibility_score,rank
dr_did,0.01434250192613999,-0.010065207482892516,0.038750211335172494,0.3015065537742183,48.517228878810606,1
did_matched_trend,-0.06335558889881308,-0.13468315968678637,0.007971981889160207,0.08728606056742096,46.4418269471153,2
staggered_did,0.0625878340692176,-0.010526290586715642,0.13570195872515084,0.3421718456378367,44.07007583360911,3
did_dose_response,-0.008132981726809077,-0.02667607079143465,0.010410107337816497,0.39207773238247323,42.98825450287194,4
did_intense_contrast,-0.00457258976926132,-0.12025278298713116,0.11110760344860851,0.9384039612912116,41.98886491513824,5
did_two_way_fe,0.060179283786387414,-0.019070438985615848,0.1394290065583907,0.13986927989571513,33.7762569348832,6
not_yet_treated_did,-0.033321626725603265,-0.14984200747870785,0.08319875402750132,0.6747678011610809,24.536082042522477,7
