continent,row_count,shock_year_count,pre_mean_effect,post_mean_effect,delta_post_minus_pre,t0_effect,t1_effect,mean_n_high,mean_n_low
Africa,15,3,0.10273055992289702,0.46959225499192037,0.36686169506902333,0.9587039891458274,0.209931573459574,23.0,6.0
Asia,15,3,-0.0237661302498751,-0.08300826211393396,-0.059242131864058856,0.0413333928227171,-0.0416601220773772,28.0,36.0
Europe,15,3,-0.0003560059383023173,-0.4550426736516264,-0.45468666771332406,-0.879109578682231,-1.098007044778039,3.0,46.0
North America,15,3,0.17577076709568937,0.08942311815517372,-0.08634764894051565,0.5888117738949098,0.7544329991895752,10.0,21.0
South America,15,3,0.023518232495120334,-0.057324600030622674,-0.08084283252574301,-0.4571374130848245,-0.4511258614068435,25.0,4.0
