{
  "target": "log_viirs_ntl_t_plus_1",
  "requested_target": null,
  "resolved_target": "log_viirs_ntl",
  "temporal_holdout": {
    "linear": {
      "rmse": 0.1512197078566302,
      "mae": 0.08982435544579064,
      "r2": 0.9602365630692203
    },
    "elastic_net": {
      "rmse": 0.15663152178335144,
      "mae": 0.09340314287944111,
      "r2": 0.9573395471979984
    },
    "random_forest": {
      "rmse": 0.15175865778712835,
      "mae": 0.08734939888931192,
      "r2": 0.9599526226856129
    },
    "hist_gradient_boosting": {
      "rmse": 0.15309266708875188,
      "mae": 0.08929497895173975,
      "r2": 0.9592454685745212
    },
    "extra_trees": {
      "rmse": 0.15351750793708757,
      "mae": 0.08855290313166203,
      "r2": 0.9590189624463825
    },
    "graph_spillover_rf": {
      "rmse": 0.15235598211172496,
      "mae": 0.08802716534958581,
      "r2": 0.9596367481227075
    }
  },
  "temporal_model_status": {
    "linear": "ok",
    "elastic_net": "ok",
    "random_forest": "ok",
    "hist_gradient_boosting": "ok",
    "extra_trees": "ok",
    "graph_spillover_rf": "ok",
    "xgboost": "skipped:dependency_missing",
    "lightgbm": "skipped:dependency_missing"
  },
  "spatial_ood": {
    "continents_evaluated": 6,
    "mean_linear_rmse": 0.13700707772776005,
    "mean_linear_r2": 0.9469701256071449,
    "mean_elastic_net_rmse": 0.13906214551777926,
    "mean_elastic_net_r2": 0.9487118131744138,
    "mean_random_forest_rmse": 0.144135350335133,
    "mean_random_forest_r2": 0.9453574714482146,
    "mean_hist_gradient_boosting_rmse": 0.15002820925469226,
    "mean_hist_gradient_boosting_r2": 0.9414109335425939,
    "mean_extra_trees_rmse": 0.1419940262833441,
    "mean_extra_trees_r2": 0.9469012148334576,
    "mean_graph_spillover_rf_rmse": 0.14414258022767223,
    "mean_graph_spillover_rf_r2": 0.9454517084181551,
    "mean_rf_rmse": 0.144135350335133,
    "mean_rf_r2": 0.9453574714482146,
    "mean_hgb_rmse": 0.15002820925469226,
    "mean_hgb_r2": 0.9414109335425939,
    "mean_et_rmse": 0.1419940262833441,
    "mean_et_r2": 0.9469012148334576
  },
  "first_difference_holdout": {
    "status": "ok",
    "metrics": {
      "linear": {
        "rmse": 0.157539511991119,
        "mae": 0.09100449733622211,
        "r2": -0.14953096539294974
      },
      "elastic_net": {
        "rmse": 0.1503572075586246,
        "mae": 0.08840163924210824,
        "r2": -0.04710488489144038
      },
      "random_forest": {
        "rmse": 0.1507579828241766,
        "mae": 0.08537867704371613,
        "r2": -0.052694414466172956
      },
      "hist_gradient_boosting": {
        "rmse": 0.15194451826597646,
        "mae": 0.08952688435464437,
        "r2": -0.06933001209361334
      },
      "extra_trees": {
        "rmse": 0.15005880531545032,
        "mae": 0.08492944946579183,
        "r2": -0.042952794072739
      }
    },
    "model_status": {
      "linear": "ok",
      "elastic_net": "ok",
      "random_forest": "ok",
      "hist_gradient_boosting": "ok",
      "extra_trees": "ok",
      "graph_spillover_rf": "skipped:no_graph_features",
      "xgboost": "skipped:dependency_missing",
      "lightgbm": "skipped:dependency_missing"
    },
    "n_train": 2655,
    "n_test": 295,
    "raw_track": {
      "metrics": {
        "linear": {
          "rmse": 0.157539511991119,
          "mae": 0.09100449733622211,
          "r2": -0.14953096539294974
        },
        "elastic_net": {
          "rmse": 0.1503572075586246,
          "mae": 0.08840163924210824,
          "r2": -0.04710488489144038
        },
        "random_forest": {
          "rmse": 0.1507579828241766,
          "mae": 0.08537867704371613,
          "r2": -0.052694414466172956
        },
        "hist_gradient_boosting": {
          "rmse": 0.15194451826597646,
          "mae": 0.08952688435464437,
          "r2": -0.06933001209361334
        },
        "extra_trees": {
          "rmse": 0.15005880531545032,
          "mae": 0.08492944946579183,
          "r2": -0.042952794072739
        }
      },
      "model_status": {
        "linear": "ok",
        "elastic_net": "ok",
        "random_forest": "ok",
        "hist_gradient_boosting": "ok",
        "extra_trees": "ok",
        "graph_spillover_rf": "skipped:no_graph_features",
        "xgboost": "skipped:dependency_missing",
        "lightgbm": "skipped:dependency_missing"
      },
      "baseline_metrics": {
        "train_mean": {
          "rmse": 0.14799441772616317,
          "mae": 0.0904739975487702,
          "r2": -0.014453982828637857
        },
        "persistence": {
          "rmse": 0.1830049290466248,
          "mae": 0.13469869330284195,
          "r2": -0.5511980752663987
        }
      },
      "n_train": 2655,
      "n_test": 295,
      "feature_count": 68
    },
    "idiosyncratic_track": {
      "metrics": {
        "linear": {
          "rmse": 0.06738595105885174,
          "mae": 0.044257657732247595,
          "r2": 0.06696809681434945
        },
        "elastic_net": {
          "rmse": 0.0683234336661122,
          "mae": 0.04327916265451709,
          "r2": 0.04082657476392382
        },
        "random_forest": {
          "rmse": 0.06941376483930006,
          "mae": 0.04283092926457974,
          "r2": 0.009968598271714812
        },
        "hist_gradient_boosting": {
          "rmse": 0.07227790268425775,
          "mae": 0.04595799952823082,
          "r2": -0.07341794995327167
        },
        "extra_trees": {
          "rmse": 0.06804314021997224,
          "mae": 0.04268496035534148,
          "r2": 0.04868035314023067
        }
      },
      "model_status": {
        "linear": "ok",
        "elastic_net": "ok",
        "random_forest": "ok",
        "hist_gradient_boosting": "ok",
        "extra_trees": "ok",
        "graph_spillover_rf": "skipped:no_graph_features",
        "xgboost": "skipped:dependency_missing",
        "lightgbm": "skipped:dependency_missing"
      },
      "baseline_metrics": {
        "train_mean": {
          "rmse": 0.06976235217863484,
          "mae": 0.04424110649299148,
          "r2": 0.0
        },
        "persistence": {
          "rmse": 0.11893626618233559,
          "mae": 0.07511073910186944,
          "r2": -1.9066073684976246
        }
      },
      "n_train": 2655,
      "n_test": 295,
      "feature_count": 75
    },
    "best_r2_raw": -0.042952794072739,
    "best_r2_idiosyncratic": 0.06696809681434945,
    "delta_best_r2_idio_minus_raw": 0.10992089088708845,
    "delta_best_r2_idio_minus_persistence": 1.9735754653119741,
    "feature_variation_file": "/mnt/d/user/desktop/cc/data/outputs/benchmark_fd_feature_variation.csv",
    "leaderboard_file": "/mnt/d/user/desktop/cc/data/outputs/benchmark_first_difference_board.csv"
  },
  "first_difference_holdout_common_shift_adjusted": {
    "status": "ok",
    "metrics": {
      "linear": {
        "rmse": 0.1549246476420107,
        "mae": 0.08846968009225432,
        "r2": -0.11168748622068314
      },
      "elastic_net": {
        "rmse": 0.14862796575128887,
        "mae": 0.08639073841343811,
        "r2": -0.023158108337154815
      },
      "random_forest": {
        "rmse": 0.1499378280872547,
        "mae": 0.08395545445106177,
        "r2": -0.04127181737266006
      },
      "hist_gradient_boosting": {
        "rmse": 0.1513933829011763,
        "mae": 0.08923402527841356,
        "r2": -0.06158670221204798
      },
      "extra_trees": {
        "rmse": 0.1478432390806296,
        "mae": 0.083033677772495,
        "r2": -0.01238247973185036
      }
    },
    "model_status": {
      "linear": "ok",
      "elastic_net": "ok",
      "random_forest": "ok",
      "hist_gradient_boosting": "ok",
      "extra_trees": "ok",
      "graph_spillover_rf": "skipped:no_graph_features",
      "xgboost": "skipped:dependency_missing",
      "lightgbm": "skipped:dependency_missing"
    },
    "n_train": 2655,
    "n_test": 295,