feature_year,target_year,n_train,n_test,feature_count,linear_rmse,linear_mae,linear_r2,hist_gradient_boosting_rmse,hist_gradient_boosting_mae,hist_gradient_boosting_r2,extra_trees_rmse,extra_trees_mae,extra_trees_r2,baseline_mean_rmse,baseline_mean_mae,baseline_mean_r2,baseline_persistence_rmse,baseline_persistence_mae,baseline_persistence_r2,baseline_persistence_directional_acc,linear_directional_acc,hist_gradient_boosting_directional_acc,extra_trees_directional_acc
2019,2020,1180,295,98,0.13757440925239925,0.1033151728933924,0.9673888509425753,0.1403101012959595,0.10112901158453759,0.9660789986178944,0.13740785539820047,0.10046341477216053,0.9674677642343197,0.7621825589946488,0.5859834267250655,-0.0009417432974456741,0.12990017247424465,0.09545645822788176,0.9709256346390907,0.0,0.4610169491525424,0.49830508474576274,0.46440677966101696
2020,2021,1475,295,98,0.15864087291433807,0.12246223408099742,0.9585930978640838,0.14965979476232297,0.11108836978629065,0.9631486969691474,0.14565255201630647,0.10600026598220529,0.9650957142869916,0.779802992423893,0.6057498585364847,-0.0004890803405106503,0.13948130971455888,0.10033960303773284,0.9679908168419812,0.0,0.423728813559322,0.5322033898305085,0.4745762711864407
2021,2022,1770,295,98,0.15009289930063682,0.1069234765648698,0.9624782060285899,0.14413186862098046,0.10286123562026579,0.9653994234821772,0.14796609861408594,0.10129133708786701,0.9635340319732372,0.7749508739425844,0.6019247453689881,-0.0002571064374188303,0.15037865866488195,0.10228992800910361,0.9623351957868908,0.0,0.5254237288135594,0.5864406779661017,0.5288135593220339
2022,2023,2065,295,98,0.16082904978906915,0.1173324518419272,0.9550390692145404,0.1480608436150329,0.11056245486232108,0.961894581082128,0.14423788653349123,0.10728223916991173,0.9638369541711487,0.7597647167301151,0.5911650868012014,-0.003377928857526191,0.1485129612151279,0.10598594072737341,0.9616615088669157,0.0,0.47796610169491527,0.5084745762711864,0.49830508474576274
2023,2024,2360,295,98,0.1387229377200113,0.09788038222739312,0.9667226760082304,0.1473175922742634,0.10239511846826631,0.9624715121938487,0.13914906168569158,0.09684544612274551,0.9665179219177245,0.762674391102619,0.5890646215545301,-0.0058429322241062565,0.13670051783387155,0.09638199347974,0.9676858929005282,0.0,0.5661016949152542,0.576271186440678,0.5796610169491525
