model,rmse,mae,r2,split_year,n_train,n_test
linear,0.1512197078566302,0.08982435544579064,0.9602365630692203,2023,2655,295
random_forest,0.15175865778712835,0.08734939888931192,0.9599526226856129,2023,2655,295
graph_spillover_rf,0.15235598211172496,0.08802716534958581,0.9596367481227075,2023,2655,295
hist_gradient_boosting,0.15309266708875188,0.08929497895173975,0.9592454685745212,2023,2655,295
extra_trees,0.15351750793708757,0.08855290313166203,0.9590189624463825,2023,2655,295
elastic_net,0.15663152178335144,0.09340314287944111,0.9573395471979984,2023,2655,295
