fold,test_year,n_train,n_test,feature_count,linear_rmse,linear_r2,hgb_rmse,hgb_r2
1,2019,1180,295,98,0.13757440925239925,0.9673888509425753,0.1403101012959595,0.9660789986178944
2,2020,1475,295,98,0.15864087291433807,0.9585930978640838,0.14965979476232297,0.9631486969691474
3,2021,1770,295,98,0.15009289930063682,0.9624782060285899,0.14413186862098046,0.9653994234821772
4,2022,2065,295,98,0.16082904978906915,0.9550390692145404,0.1480608436150329,0.961894581082128
5,2023,2360,295,98,0.1387229377200113,0.9667226760082304,0.1473175922742634,0.9624715121938487
6,2024,2655,295,98,0.1512197078566302,0.9602365630692203,0.14978095900228558,0.9609896057201308
