variant,status,att_post,t_value,p_value,se_method,att_ci95_low,att_ci95_high,n_obs,feature_count,spatial_mode
full_dr_spatiotemporal,ok,0.05052144500488823,2.094158636729127,0.1,bootstrap_cross_fit,0.004230884698712857,0.08411496827509374,3245,29,distance
no_spatial,ok,0.043196642091533864,1.7450256411406446,0.1,bootstrap_cross_fit,-0.011997934067500469,0.0734022079854438,3245,28,distance
no_temporal,ok,0.046465845537896,0.8173391405437788,0.7,bootstrap_cross_fit,-0.08369464501711614,0.0967264626127908,3245,26,distance
flight_spatial,ok,0.03957383723755206,1.636427821801188,0.1,bootstrap_cross_fit,-0.013006520856105788,0.06550280483114168,3245,29,flight
plugin_no_dr,ok,0.053951039907126394,2.329414490295266,0.1,bootstrap_cross_fit,0.005069509595782781,0.08126208633913795,3245,29,distance
