scenario,att_post,delta_vs_baseline
baseline,0.040413031656680226,0.0
infra_density_push,0.04118552387013307,0.0007724922134528453
poi_diversity_push,0.03984336987159276,-0.0005696617850874663
road_expansion,0.030165330682187703,-0.010247700974492523
combined_push,0.029837759893619042,-0.010575271763061184
