continent,cate,n
Africa,0.06851452479656385,572
Asia,0.018064601747748096,814
Europe,0.007407715626284331,737
North America,-0.03501072796908761,484
Oceania,0.091765790128775,209
South America,0.01170848450713929,429
