feature,smd_before,smd_after,abs_improvement
pre_mean,-0.7442236585177118,0.0766166818330324,0.6676069766846794
pre_slope,0.5148036992201589,0.29645937482201323,0.21834432439814566
pre_temperature,0.5628598090531242,-0.11202668187327615,0.450833127179848
pre_precipitation,0.420158855642983,0.0032284329131711535,0.41693042272981184
