dose_bin,dose_range_low,dose_range_high,coef,stderr,t_value,p_value,ci95_low,ci95_high,n_rows_bin
dose_bin_1,0.0833333333333333,0.7002162440170524,-0.1526999086349547,0.15256443613961823,-1.0008879690363257,0.31867161203215316,-0.4517262034686064,0.14632638619869703,194
dose_bin_2,0.7002162440170524,0.75,-0.3116957130816358,0.1892131140906854,-1.647326162246066,0.10181674229859934,-0.6825534166993792,0.059161990536107545,196
dose_bin_3,0.75,0.875,-0.12051797883299128,0.18775042059290398,-0.6419052402247788,0.5220231776917721,-0.48850880319508305,0.2474728455291005,201
dose_bin_4,0.875,1.0,-0.10273242547536751,0.19385797627027182,-0.5299365414407329,0.5970264231916489,-0.4826940589651003,0.27722920801436524,185
