continent,year_count,score_last,score_mean,trend_slope,trend_ci_low_95,trend_ci_high_95,yoy_volatility,yoy_positive_share,stability_score_0_100,stability_rank
Africa,11,57.66074038840423,53.72449779044525,0.7622820861826529,-0.9738276686876725,2.3166974566068417,8.000079194725128,0.5454545454545454,70.65772750296617,1
North America,11,56.162897902378155,53.746946404117814,0.5525332263872984,-1.202615369998528,2.229253490824783,7.797267601660716,0.5454545454545454,57.34910529545887,2
South America,11,56.25363505194196,53.11899309224702,0.6600596143020341,-0.9943257589733824,2.2403246940712247,7.915959518305063,0.5454545454545454,55.139903825835205,3
Asia,11,56.56061139571488,53.58405030118827,0.5903651095396786,-1.3001390869799327,2.263690361703251,8.769444307231934,0.5454545454545454,47.9281974749797,4
Europe,11,56.96664708979759,55.61759411682217,0.4691647007695043,-2.1359032132682856,2.4070493211001525,9.913949703073056,0.36363636363636365,42.49525347155588,5
Oceania,11,55.96028383620992,54.241166471056005,0.38817159413689295,-1.9935245022366046,2.605538339080365,9.956485240985806,0.45454545454545453,23.168344301384675,6
