rel_year,n_variants,weighted_mean,ci_low_95,ci_high_95,boot_std,boot_se,signal_to_noise,post_period
-3,5,0.038729521412706816,0.0387295214127068,0.03872952141270684,1.2155448898373036e-17,1.2155448898373036e-17,1.9364760706353408,0
-2,5,0.023209914482919102,0.023209914482919095,0.023209914482919106,6.212393300990959e-18,6.212393300990959e-18,1.160495724145955,0
-1,5,0.0,0.0,0.0,0.0,0.0,0.0,0
0,5,-0.0076657241706922195,-0.007665724170692247,-0.007665724170692198,1.487901484877357e-17,1.487901484877357e-17,-0.383286208534611,1
1,5,0.05079255008034603,0.05079255008034599,0.050792550080346055,1.8476230206474414e-17,1.8476230206474414e-17,2.5396275040173015,1
2,5,0.09032737982929631,0.09032737982929628,0.09032737982929634,2.6726003594338907e-17,2.6726003594338907e-17,4.516368991464815,1
3,5,0.12059791855985381,0.1205979185598538,0.12059791855985386,1.9379276022481102e-17,1.9379276022481102e-17,6.0298959279926905,1
