event_type,n_rows,n_obs_total,pre_signal_mean,impact_signal,post_signal_mean,growth_impact,risk_impact,post_risk_relief,absorption_score_0_100
enter_deep_cooling,5,3379,0.10639941687181481,-0.5034719399642773,0.14533655311032337,-1.944234349902332,-20.388254571416272,2.8114641551903112,100.0
enter_recovery_rebound,5,320,-0.15135593525151037,-0.07242722900211618,0.18756954975256884,0.7465996468154424,-5.058487930931408,3.3613268462626813,74.5985921203233
enter_overheating,5,462,0.07550328782603247,0.05217769085160162,-0.10159213325183306,-0.8692957361785212,1.3116811565909463,5.214658191938103,71.40105967240783
enter_surge_expansion,5,3743,-0.09079299911033359,0.49187052929085995,-0.1551422655350969,1.749420213114383,19.509761778682737,-3.9645209401654684,0.0
