placebo_year,effect_t0_high_minus_low,is_real_shock_year
2020,0.2242508697754103,1
2022,-0.07731716057765098,1
2023,-0.08826306509617503,1
2017,,0
2018,,0
2019,,0
2021,,0
