excluded_shock_year,post_mean_effect,post_event_rows
2020,-0.18208585064093652,6
2022,0.015515927623519036,6
2023,0.019735247489549246,6
