channel,pre_mean_effect,post_mean_effect,delta_post_minus_pre,t0_effect,t1_effect
composite_index,0.02423057084721188,-0.04894489184262275,-0.07317546268983463,0.01955688136719477,-0.042142195712429824
economic_vitality,-0.12725004228444067,0.374522077727492,0.5017721200119327,0.23613642396512444,0.2626759994915537
livability,0.26338989752747,-0.6709245735934202,-0.9343144711208902,-0.34888342607559514,-0.41715029858793
innovation,-0.053466871297022024,0.0867188696885155,0.14018574098553752,0.1770234485467366,-0.07171895488926637
