left_out_continent,n_test,linear_rmse,linear_r2,rf_rmse,rf_r2
Africa,520,3.0521441667053204,0.7855807583790598,4.457820588368029,0.5425971776930723
Asia,740,3.284285369770197,0.8180384493378616,3.6288515011782083,0.7778551493008613
Europe,670,2.545294391614847,0.5592631982769856,2.417919238796434,0.6022713680667027
North America,440,2.4380248365843293,0.8420386594617512,2.654332833329186,0.8127657402379767
Oceania,190,2.2676603678467906,0.8991672364110911,2.2349206776902952,0.9020577948518663
South America,390,2.714063208274195,0.728916746269189,3.4307752542530117,0.5668410304218177
