outcome,method,status,coef,stderr,t_value,p_value_norm,n_obs,pretrend_max_abs_t,pretrend_share_p_lt_0_10,pretrend_joint_p_value
temperature_mean,twfe_did,ok,-0.1133427935295466,0.04202287334567158,-2.6971690535583304,0.006993175812460839,3245,,,
temperature_mean,staggered_did,ok,-0.025560034837572385,,-0.33596904624433116,0.7368942086097827,102,1.0401871231792257,0.0,0.5468
precipitation_sum,twfe_did,ok,35.750717192237374,32.55734767012968,1.09808444946016,0.27216761501971987,3245,,,
precipitation_sum,staggered_did,ok,-30.176146362816556,,-0.28287650356557537,0.777271506694764,102,0.44691196365323266,0.0,0.9491
climate_comfort,twfe_did,ok,-0.012804530772701774,0.00468920350334212,-2.7306408782591,0.006321131027443361,3245,,,
climate_comfort,staggered_did,ok,-0.013629221271631294,,-0.9887566390764281,0.32278222387951594,102,0.7158152944114512,0.0,0.8095
