spec,coef,stderr,t_value,p_value_norm,n_obs
actual_2020,-0.30203163168640024,0.12631600073895047,-2.391079751729874,0.01679890337174661,3245
stacked_lead_2,-0.6396667921576717,0.44728473858132883,-1.4301109270719339,0.15268518451929847,1463
stacked_lead_3,1.0721051548560026,0.7820644828473322,1.370865418862513,0.17041691313649143,1475
placebo_2017,-0.19010203403950937,0.16008966793406854,-1.1874722241150575,0.23504140632093873,3245
placebo_2018,-0.19958238765561334,0.1379281577870354,-1.447002489250771,0.14789622639208333,3245
placebo_2019,-0.23990568300311435,0.1306093197994378,-1.8368190215790943,0.06623661687885418,3245
