excluded_continent,n_obs,n_cities,did_coef,did_t
Africa,2673,243,-0.3033238077158944,-2.058699016019786
Asia,2431,221,-0.30221038091056374,-2.079225298567705
Europe,2508,228,-0.34288778187990443,-2.4341187938145525
North America,2761,251,-0.23312741228170117,-1.6668419279371123
Oceania,3036,276,-0.29329835197612497,-2.2551044013441732
South America,2816,256,-0.2988374824477751,-2.239137788972976
