model,mean_auc,mean_brier,mean_n_test
risk_plus_accel,0.6682950330009154,0.1364374744379593,71.66666666666667
accel_only,0.6668659970130558,0.13529653350847212,71.66666666666667
fragile_flag,0.6455834176422411,0.11540901114857176,71.66666666666667
risk_only,0.6402635255576432,0.11544779375354784,71.66666666666667
volatility_only,0.4751945126945127,0.11599952088171113,71.66666666666667
static_size,0.44986390133448956,0.11720140212369679,71.66666666666667
