variant,design_variant,source_channel,n_pre,n_post,pre_slope,pre_slope_t,pre_mean_abs_coef,pre_max_abs_t,post_mean_coef,post_cum_coef,post_peak_abs_coef,pretrend_pass
main_design,direct_core,main,3,4,-0.019364760706353422,-8.722862951341986,0.020646478631875315,1.3189633207404396,0.06351303107470099,0.25405212429880397,0.12059791855985384,1
source_ai_inferred,source_ai_inferred_common_shock,ai_inferred,3,4,-0.0193647607063534,-8.722862951341945,0.0206464786318753,1.3189633207404396,0.06351303107470097,0.25405212429880386,0.1205979185598538,1
source_external_direct,source_external_direct_common_shock,external_direct,3,4,-0.0193647607063534,-8.722862951341945,0.0206464786318753,1.3189633207404396,0.06351303107470097,0.25405212429880386,0.1205979185598538,1
source_objective_indicator,source_objective_indicator_common_shock,objective_indicator,3,4,-0.0193647607063534,-8.722862951341945,0.0206464786318753,1.3189633207404396,0.06351303107470097,0.25405212429880386,0.1205979185598538,1
source_objective_macro,source_objective_macro_common_shock,objective_macro,3,4,-0.0193647607063534,-8.722862951341945,0.0206464786318753,1.3189633207404396,0.06351303107470097,0.25405212429880386,0.1205979185598538,1
