channel,weight_in_composite,status,coef,stderr,t_value,p_value,weighted_contribution,n_obs
economic_vitality,0.45,ok,-0.4646934591916659,0.3468055566952685,-1.3399250681556503,0.18252072415906212,-0.20911205663624965,1496
livability,0.35,ok,0.3367176269834692,0.45544632407685753,0.7393135243015978,0.46100021311394446,0.11785116944421421,1496
innovation,0.2,ok,-0.2381709160174138,0.2662906158499773,-0.8944022126247003,0.37269853537294806,-0.04763418320348276,1496
