channel,outcome_variable,weight_in_composite,status,coef,stderr,t_value,p_value,weighted_contribution,n_obs
economic_activity_observed,log_viirs_ntl,0.45,ok,-0.04945710206694128,0.03834650093992403,-1.289742241265345,0.1993452755977687,-0.022255695930123578,1496
physical_built_environment_observed,physical_built_expansion_primary,0.35,ok,-1.729485783590552,0.8515900852088486,-2.030889994646196,0.04422944169206493,-0.6053200242566932,1496
knowledge_capital_observed,knowledge_capital_raw,0.2,ok,-1830.9577533375784,1716.5966641705934,-1.0666208268686348,0.28804687516175626,-366.1915506675157,1496
