channel,outcome_variable,weight_in_composite,status,coef,stderr,t_value,p_value,weighted_contribution,n_obs
economic_activity_observed,log_viirs_ntl,0.45,ok,-0.07548728457094103,0.04078721276573254,-1.8507585944769882,0.06638990523906708,-0.033969278056923465,1496
physical_built_environment_observed,physical_built_expansion_primary,0.35,ok,-1.0673921620484563,0.7195001676734278,-1.483518989995472,0.14026749049633494,-0.3735872567169597,1496
knowledge_capital_observed,knowledge_capital_raw,0.2,ok,-1927.1562636016954,1781.8663507451795,-1.0815380529497935,0.2813860206361491,-385.4312527203391,1496
