target,structural_rmse,structural_plus_engineered_rmse,full_plus_pulse_ai_rmse,delta_rmse_engineered_vs_structural,delta_rmse_full_ai_vs_structural,structural_r2,structural_plus_engineered_r2,full_plus_pulse_ai_r2,delta_r2_engineered_vs_structural,delta_r2_full_ai_vs_structural,best_set
economic_vitality,2.4316426751568896,2.5144587280369395,2.525646944747332,0.0828160528800499,0.09400426959044239,0.9810484488491825,0.9797355756214031,0.9795548391659669,-0.0013128732277793986,-0.0014936096832156576,structural_only
livability,1.8006333225216427,1.8209455301840165,1.8185598705114294,0.02031220766237385,0.017926547989786767,0.9810655670168476,0.9806359743971254,0.9806866796082887,-0.00042959261972219664,-0.00037888740855884784,structural_only
innovation,0.6927102364879965,2.0497858212638906,2.0590298440772554,1.3570755847758942,1.366319607589259,0.9967954655331934,0.9719405789756845,0.9716869263264339,-0.024854886557508893,-0.025108539206759484,structural_only
composite_index,1.506218900500472,1.5334719877338758,1.5353289724175618,0.027253087233403805,0.029110071917089808,0.9842256109375165,0.9836496122548083,0.9836099887027522,-0.0005759986827081898,-0.0006156222347643014,structural_only
