cohort_year,coef,stderr,t_value,p_value,n_obs,n_treat_cities,n_ctrl_cities,placebo_t_value,placebo_p_value
2017,-0.04488067484372382,0.0352375470830478,-1.2736605853395275,0.20579629057388643,441,20,79,-2.056712373328273,0.04237114110704415
2018,-0.06699954750323975,0.09312539562702694,-0.7194551717297089,0.4744393809968682,326,4,75,-0.3067119794259084,0.7600430076937614
2020,-0.01835366193554261,0.07523814807419738,-0.2439409050504916,0.8080951823226566,298,9,66,-0.8352783189172583,0.406820709410476
2022,-0.17326237835408564,0.11743122136043803,-1.4754370800784062,0.14636496880947858,247,3,63,-4.110565736217267,0.00014662439234014335
