{
  "status": "ok",
  "targets_evaluated": 4,
  "detail_file": "D:\\User\\Desktop\\CC\\data\\outputs\\observed_feature_group_ablation.csv",
  "summary_file": "D:\\User\\Desktop\\CC\\data\\outputs\\observed_feature_group_summary.csv",
  "mean_delta_rmse_observed_vs_macro": -1.974660300150737,
  "mean_delta_rmse_policy_vs_observed": 0.0058610463306011384,
  "mean_delta_rmse_full_vs_observed": 0.0170713840289467,
  "mean_delta_r2_observed_vs_macro": 0.3501849266634733,
  "mean_delta_r2_policy_vs_observed": -0.0006846576595798959,
  "mean_delta_r2_full_vs_observed": -0.0015808175852595474,
  "summary": [
    {
      "target": "economic_vitality",
      "macro_context_only_rmse": 3.4595237643908114,
      "macro_context_only_r2": 0.4897603366534371,
      "macro_context_only_feature_count": 11,
      "observed_core_rmse": 1.171728872290904,
      "observed_core_r2": 0.9414676660589948,
      "observed_core_feature_count": 49,
      "observed_plus_policy_rmse": 1.175331308359909,
      "observed_plus_policy_r2": 0.9411072019021754,
      "observed_plus_policy_feature_count": 57,
      "mixed_full_rmse": 1.1836810646840255,
      "mixed_full_r2": 0.9402674604359847,
      "mixed_full_feature_count": 68,
      "delta_rmse_observed_vs_macro": -2.2877948920999076,
      "delta_rmse_policy_vs_observed": 0.0036024360690050106,
      "delta_rmse_full_vs_observed": 0.011952192393121397,
      "delta_r2_observed_vs_macro": 0.4517073294055577,
      "delta_r2_policy_vs_observed": -0.0003604641568193401,
      "delta_r2_full_vs_observed": -0.0012002056230100422
    },
    {
      "target": "livability",
      "macro_context_only_rmse": 5.514555005635611,
      "macro_context_only_r2": 0.6222700921798774,
      "macro_context_only_feature_count": 11,
      "observed_core_rmse": 2.6270536800112927,
      "observed_core_r2": 0.9142768106368635,
      "observed_core_feature_count": 49,
      "observed_plus_policy_rmse": 2.637456495612996,
      "observed_plus_policy_r2": 0.9135965594683795,
      "observed_plus_policy_feature_count": 57,
      "mixed_full_rmse": 2.6577554546351285,
      "mixed_full_r2": 0.9122614479530549,
      "mixed_full_feature_count": 68,
      "delta_rmse_observed_vs_macro": -2.887501325624318,
      "delta_rmse_policy_vs_observed": 0.01040281560170353,
      "delta_rmse_full_vs_observed": 0.03070177462383583,
      "delta_r2_observed_vs_macro": 0.2920067184569861,
      "delta_r2_policy_vs_observed": -0.0006802511684840251,
      "delta_r2_full_vs_observed": -0.0020153626838086414
    },
    {
      "target": "innovation",
      "macro_context_only_rmse": 2.1641297357630713,
      "macro_context_only_r2": 0.4821661806585795,
      "macro_context_only_feature_count": 11,
      "observed_core_rmse": 1.4345204126865478,
      "observed_core_r2": 0.772470721002837,
      "observed_core_feature_count": 49,
      "observed_plus_policy_rmse": 1.4381870859136825,
      "observed_plus_policy_r2": 0.7713060924290426,
      "observed_plus_policy_feature_count": 57,
      "mixed_full_rmse": 1.4377286908293476,
      "mixed_full_r2": 0.7714518529596917,
      "mixed_full_feature_count": 68,
      "delta_rmse_observed_vs_macro": -0.7296093230765235,
      "delta_rmse_policy_vs_observed": 0.0036666732271346536,
      "delta_rmse_full_vs_observed": 0.003208278142799781,
      "delta_r2_observed_vs_macro": 0.29030454034425746,
      "delta_r2_policy_vs_observed": -0.0011646285737944018,
      "delta_r2_full_vs_observed": -0.0010188680431453268
    },
    {
      "target": "composite_index",
      "macro_context_only_rmse": 2.9939408315584584,
      "macro_context_only_r2": 0.5872084161750883,
      "macro_context_only_feature_count": 11,
      "observed_core_rmse": 1.0002051717562594,
      "observed_core_r2": 0.9539295346221803,
      "observed_core_feature_count": 49,
      "observed_plus_policy_rmse": 1.0059774321808208,
      "observed_plus_policy_r2": 0.9533962478829585,
      "observed_plus_policy_feature_count": 57,
      "mixed_full_rmse": 1.0226284627122892,
      "mixed_full_r2": 0.9518407006311062,
      "mixed_full_feature_count": 68,
      "delta_rmse_observed_vs_macro": -1.993735659802199,
      "delta_rmse_policy_vs_observed": 0.00577226042456136,
      "delta_rmse_full_vs_observed": 0.022423290956029795,
      "delta_r2_observed_vs_macro": 0.366721118447092,
      "delta_r2_policy_vs_observed": -0.0005332867392218166,
      "delta_r2_full_vs_observed": -0.0020888339910741793
    }
  ]
}