target,macro_context_only_rmse,macro_context_only_r2,macro_context_only_feature_count,observed_core_rmse,observed_core_r2,observed_core_feature_count,observed_plus_policy_rmse,observed_plus_policy_r2,observed_plus_policy_feature_count,mixed_full_rmse,mixed_full_r2,mixed_full_feature_count,delta_rmse_observed_vs_macro,delta_rmse_policy_vs_observed,delta_rmse_full_vs_observed,delta_r2_observed_vs_macro,delta_r2_policy_vs_observed,delta_r2_full_vs_observed
economic_vitality,3.4595237643908114,0.4897603366534371,11,1.171728872290904,0.9414676660589948,49,1.175331308359909,0.9411072019021754,57,1.1836810646840255,0.9402674604359847,68,-2.2877948920999076,0.0036024360690050106,0.011952192393121397,0.4517073294055577,-0.0003604641568193401,-0.0012002056230100422
livability,5.514555005635611,0.6222700921798774,11,2.6270536800112927,0.9142768106368635,49,2.637456495612996,0.9135965594683795,57,2.6577554546351285,0.9122614479530549,68,-2.887501325624318,0.01040281560170353,0.03070177462383583,0.2920067184569861,-0.0006802511684840251,-0.0020153626838086414
innovation,2.1641297357630713,0.4821661806585795,11,1.4345204126865478,0.772470721002837,49,1.4381870859136825,0.7713060924290426,57,1.4377286908293476,0.7714518529596917,68,-0.7296093230765235,0.0036666732271346536,0.003208278142799781,0.29030454034425746,-0.0011646285737944018,-0.0010188680431453268
composite_index,2.9939408315584584,0.5872084161750883,11,1.0002051717562594,0.9539295346221803,49,1.0059774321808208,0.9533962478829585,57,1.0226284627122892,0.9518407006311062,68,-1.993735659802199,0.00577226042456136,0.022423290956029795,0.366721118447092,-0.0005332867392218166,-0.0020888339910741793
