shock_year,shock_strength,mean_growth,mean_accel
2016,2.3722093710199172,-0.5202297246669743,0.11148018398226968
2020,1.2533435980808947,-0.27722444771482807,-0.3916342275501666
2024,0.10333535833058703,-0.027455371247597542,-0.013232070022266108
