shock_year,event_time,vulnerability_group,n_obs,mean_rel_change,mean_growth
2016,-1,high_risk,89,0.0,-0.03598211697677911
2016,-1,low_risk,89,0.0,-0.03598211697677911
2016,0,high_risk,89,-0.8167977747134756,-0.8167977747134756
2016,0,low_risk,89,-0.2903264921920276,-0.2903264921920276
2016,1,high_risk,89,-0.5542870843856271,0.2625106903278486
2016,1,low_risk,89,0.32940855410146874,0.6197350462934964
2016,2,high_risk,89,-0.5617422648964097,-0.007455180510782603
2016,2,low_risk,89,0.6948532040969476,0.36544464999547893
2020,-2,high_risk,89,-1.2392796213065909,0.005206195434294302
2020,-2,low_risk,89,0.807677397230759,0.22860460399211757
2020,-1,high_risk,89,0.0,1.2392796213065909
2020,-1,low_risk,89,0.0,-0.807677397230759
2020,0,high_risk,89,-0.9259382292156794,-0.9259382292156794
2020,0,low_risk,89,0.1501676902100546,0.1501676902100546
2020,1,high_risk,89,-0.9014959856671939,0.02444224354848541
2020,1,low_risk,89,0.318452221721925,0.16828453151187042
2020,2,high_risk,89,-0.9547364522640742,-0.053240466596880406
2020,2,low_risk,89,0.32260519617667266,0.004152974454747653
2024,-2,high_risk,89,-0.9695029311098783,-0.04803725632323603
2024,-2,low_risk,89,0.9294862976006879,0.10576137131891764
2024,-1,high_risk,89,0.0,0.9695029311098783
2024,-1,low_risk,89,0.0,-0.9294862976006879
2024,0,high_risk,89,-0.5663491849649194,-0.5663491849649194
2024,0,low_risk,89,0.4408805839190808,0.4408805839190808
2024,1,high_risk,89,-0.3755741935033208,0.19077499146159857
2024,1,low_risk,89,0.6945803902929264,0.2536998063738457
