gate_column,gate_group,train_rows,specialized,alpha_dynamic,alpha_graph,alpha_critical,alpha_base,train_objective
kinetic_state,deep_cooling,505,1,0.0696551724137931,0.23482758620689656,0.1939310344827586,0.5015862068965518,0.6696469180071688
kinetic_state,mixed_transition,736,1,0.0,0.2384937238493724,0.19539748953974895,0.5661087866108787,0.6456293321059561
kinetic_state,overheating,71,0,0.0,0.2,0.18,0.6200000000000001,0.7179976866976325
kinetic_state,recovery_rebound,51,0,0.0,0.2,0.18,0.6200000000000001,0.7179976866976325
kinetic_state,steady_cruise,427,1,0.06599690880989181,0.2329984544049459,0.19319938176197837,0.5078052550231839,0.6834052340938743
kinetic_state,surge_expansion,570,1,0.0,0.23607594936708862,0.19443037974683544,0.5694936708860759,0.6624209121357411
