scenario,mean_delta_h1,mean_delta_h2,mean_delta_h3,std_delta_h1,p90_delta_h1,p10_delta_h1,share_improved_h1,worst10_mean_h1,best10_mean_h1,mean_delta_h1_ci_low,mean_delta_h1_ci_high,mean_delta_h1_p_value
resilience_upgrade,-0.004519019118953551,-0.0034557205027291853,-0.0026582465405609146,0.000935338221779284,-0.003358945296560678,-0.005840259041390003,1.0,-0.005840259041390003,-0.003358945296560678,-0.0046355074078058426,-0.004411586788920085,0.0
anti_overheating,0.010515905060464993,0.008041574458002642,0.006185826506155877,0.002928659825734236,0.014455069551151545,0.007656468702888752,0.0,0.007656468702888752,0.014455069551151545,0.010161458319562052,0.01084688133805288,0.0
innovation_pulse,0.18766952070795637,0.14351198642373136,0.11039383571056256,0.027221274928633084,0.21250000000000002,0.1536200513091448,0.0,0.1536200513091448,0.21250000000000002,0.18494412346347064,0.1903645070045923,0.0
