mae,rmse,r2,coverage95,directional_accuracy,n_backtest,selected_period,continent
15.04375810470859,23.93448053442454,-12.039614799882301,0.9,0.7,10,3.0,Africa
15.758524502714607,25.10724137543238,-11.017170352333556,0.9,0.6,10,3.0,Asia
17.52404738211184,25.830106365348872,-13.545119266448209,0.9,0.5,10,3.0,Europe
15.102958816508623,22.97033549834275,-18.010368546185283,0.9,0.6,10,3.0,North America
16.5401353430503,24.132488424139986,-8.422420166555277,0.9,0.5,10,3.0,Oceania
16.227836904294527,24.864063728195042,-11.05747215599223,0.9,0.8,10,3.0,South America
