action,selected_city_count,selected_share,mean_best_q_value,mean_q_advantage,mean_policy_confidence,mean_expected_delta_risk_h1,mean_expected_delta_accel_h1,selected_by_rule_count,mean_q_if_forced,mean_delta_risk_if_forced,mean_delta_accel_if_forced
innovation_pulse,169,0.5728813559322034,-79.81407866954403,5.381975275620191,0.5125906955024885,-0.06672766415999416,6.653198381596717,99,-81.08748128855729,-0.0639294317532326,6.685893351902674
resilience_upgrade,105,0.3559322033898305,-70.65587072844167,7.209769454005561,0.5569236904584366,-0.11664350680075337,3.157991406483061,0,-81.6053139744523,-0.10528363301367286,3.0206904740906872
anti_overheating,11,0.03728813559322034,-62.44268410357177,15.213318484660311,0.8093524935912708,-0.13166932248500876,-1.8199999999999996,11,-86.15812354913832,-0.06764078279417438,-1.0113220338983049
wait_observe,10,0.03389830508474576,-84.20551386365312,1.1011328615003024,0.3794977705587327,-0.00965066074790278,0.2,10,-88.98002641521465,-0.009290605944494146,0.19999999999999996
