continent,n_eval,years_observed,year_min,year_max,base_roc_auc,selected_roc_auc,delta_auc,delta_auc_ci95_low,delta_auc_ci95_high,delta_auc_p_value,base_brier,selected_brier,delta_brier,delta_brier_improve_ci95_low,delta_brier_improve_ci95_high,delta_brier_improve_p_value
Africa,208,4,2021,2024,0.6934915413533834,0.7148731203007518,0.021381578947368363,0.01064790816865882,0.03277385984587069,0.0,0.19902295562454406,0.18894950426040885,-0.010073451364135205,0.007241027152065925,0.012802056185052424,0.0
Asia,296,4,2021,2024,0.791106719367589,0.8086297760210803,0.017523056653491298,0.007389292232066191,0.026217635411183805,0.0,0.182528891649975,0.17057912330217495,-0.011949768347800038,0.009606181898632708,0.013563909227378834,0.0
Europe,268,4,2021,2024,0.6774147422606707,0.6933581182526632,0.01594337599199258,0.00849247887432453,0.024242292361104065,0.0,0.19750083998502413,0.1906714566154386,-0.006829383369585523,0.004587971433297025,0.008505312862272695,0.0
North America,176,4,2021,2024,0.719588622850715,0.7396753977181424,0.02008677486742738,0.011459273854264521,0.02891220735785953,0.0,0.19686106024674788,0.187463986852834,-0.00939707339391388,0.007104084380790502,0.011811647583733825,0.0
Oceania,76,4,2021,2024,0.6196428571428572,0.6571428571428571,0.03749999999999998,0.01577973818027135,0.06522321428571434,0.0,0.20552223799739888,0.1956695614962545,-0.00985267650114438,0.006456628207699111,0.013933392357108748,0.0
South America,156,4,2021,2024,0.7054569362261669,0.7264957264957265,0.02103879026955957,0.009587101894794147,0.03596155608504394,0.0,0.18632447184802375,0.17803094563159771,-0.00829352621642604,0.006010422288160044,0.010717327938015908,0.0
