event_time,att,stderr,t_value,p_value,cells,weighted_n_treat,ci95_low,ci95_high
-3,-8.733653405651485e-07,8.382367210003229e-07,-1.0419077555119565,0.40685422067073995,3,25.0,-2.516309313725781e-06,7.695786325954845e-07
-2,-4.3769366879263285e-07,5.044668637274665e-07,-0.8676361130214745,0.4494276333758122,4,56.0,-1.4264487216984672e-06,5.510613841132015e-07
-1,0.0,0.0,0.0,1.0,4,56.0,0.0,0.0
0,-5.226657563731137e-07,6.23775469382683e-07,-0.8379068784002806,0.46358585748796777,4,56.0,-1.7452656763631724e-06,6.999341636169449e-07
1,-1.3027152118231759e-06,1.0918997301036857e-06,-1.1930721987626751,0.3185958291483249,4,56.0,-3.4428386828264e-06,8.374082591800481e-07
2,-1.77164511234319e-06,1.0139582461285064e-06,-1.7472564763960274,0.17892006157075693,4,56.0,-3.7590032747550627e-06,2.1571305006868253e-07
3,1.519401561442289e-06,1.3035566753493494e-06,1.165581512622068,0.3280299002865705,4,56.0,-1.035569522242436e-06,4.0743726451270135e-06
