cohort_year,pre_cells,pre_max_abs_t,pre_share_sig
2017,1,0.5806279147872353,0.0
2018,2,3.337532168208758,1.0
2019,2,0.775543137243603,0.0
2020,2,1.3797121720636785,0.0
2021,2,3.7009631799521894,0.5
2022,2,3.0301837288523776,1.0
