city_id,weight
UKR,0.046902839282410604
NOR,0.043348562507844954
LBY,0.038715733319127775
QAT,0.03715142752130599
DNK,0.033559542956736584
HKG,0.03134517327993906
DEU,0.030014745547994683
ISR,0.029989774941027083
GBR,0.027691747494035544
TWN,0.027495900085600915
