lead_years,coef,stderr,t_value,p_value
1,1.109865249114428,0.9507095632304993,1.1674072629953567,0.24510372960447657
2,1.5583268134620425,1.107017889583364,1.4076798831575636,0.16152432430115415
