lead_years,coef,stderr,t_value,p_value
1,-0.0008800367348770692,0.03751548535364179,-0.023457959468772813,0.9813196104909616
2,0.023091002375333704,0.030614619965643936,0.7542475588867894,0.4520142102361433
