lead_years,coef,stderr,t_value,p_value
1,0.44476977621149916,0.8877541491706046,0.5010055730260804,0.6171831096751983
2,0.4060633092817839,0.9951152297210567,0.4080565718963105,0.6838785900463896
