lead_years,coef,stderr,t_value,p_value
1,0.032707237062527914,0.03159039197477017,1.035353948398289,0.30235470010977794
2,0.050992744480785154,0.026034371569257576,1.958670073718984,0.05221280340031618
