lead_years,coef,stderr,t_value,p_value
1,-0.5834900873694262,1.0720008403721053,-0.5443000279429718,0.5871329173982498
2,-0.23913552459071333,1.287252104341908,-0.18577209839790354,0.8529023239330106
