lead_years,coef,stderr,t_value,p_value
1,0.01917162571537253,0.04059973360745482,0.4722106282946715,0.6378262741973337
2,0.034496261968334406,0.039838009913690596,0.8659132833962054,0.38865267631220224
