lead_years,coef,stderr,t_value,p_value
1,0.38404378001092554,0.3336418627943434,1.1510659267828447,0.25173975753767197
2,0.4684151586864359,0.3731096771957978,1.2554355657750051,0.21148936465281365
