scheme,weights_e,weights_l,weights_i,spearman_rho_vs_baseline
equal,0.3333333333333333,0.3333333333333333,0.3333333333333333,0.9983887554105472
economic_heavy,0.6,0.25,0.15,0.9789865098581806
innovation_heavy,0.25,0.3,0.45,0.9940346088045846
pca,0.16525496242771376,0.7766796524333457,0.05806538513894049,0.9037763983284565
