scheme,stall_auc
baseline,0.329976995959826
equal,0.3295737435526333
economic_heavy,0.3500351933387246
innovation_heavy,0.32362412698412696
pca,0.3585328359731309
