{
  "target": "log_viirs_ntl_t_plus_1",
  "requested_target": null,
  "resolved_target": "log_viirs_ntl",
  "temporal_holdout": {
    "linear": {
      "rmse": 0.1456114929814356,
      "mae": 0.09519227201524166,
      "r2": 0.9632468772150655
    },
    "elastic_net": {
      "rmse": 0.14994210446031278,
      "mae": 0.09710322851328013,
      "r2": 0.9610282291952742
    },
    "random_forest": {
      "rmse": 0.1462277878089345,
      "mae": 0.09206388082267182,
      "r2": 0.9629351065818641
    },
    "hist_gradient_boosting": {
      "rmse": 0.1571307286805481,
      "mae": 0.09726579888612906,
      "r2": 0.9572018314353281
    },
    "extra_trees": {
      "rmse": 0.14646190986062002,
      "mae": 0.09224763645757614,
      "r2": 0.9628163240184974
    },
    "graph_spillover_rf": {
      "rmse": 0.14578925936100567,
      "mae": 0.09176011991033792,
      "r2": 0.9631570840598943
    },
    "xgboost": {
      "rmse": 0.16026831555597268,
      "mae": 0.09871272039361305,
      "r2": 0.9554755789763836
    },
    "lightgbm": {
      "rmse": 0.15752878039388823,
      "mae": 0.09775102287890684,
      "r2": 0.956984719702172
    }
  },
  "temporal_model_status": {
    "linear": "ok",
    "elastic_net": "ok",
    "random_forest": "ok",
    "hist_gradient_boosting": "ok",
    "extra_trees": "ok",
    "graph_spillover_rf": "ok",
    "xgboost": "ok",
    "lightgbm": "ok"
  },
  "spatial_ood": {
    "continents_evaluated": 6,
    "mean_linear_rmse": 0.1359719510938113,
    "mean_linear_r2": 0.9482115622506586,
    "mean_elastic_net_rmse": 0.13840217076112246,
    "mean_elastic_net_r2": 0.9476791622229671,
    "mean_random_forest_rmse": 0.14372969452254958,
    "mean_random_forest_r2": 0.9446437725669016,
    "mean_hist_gradient_boosting_rmse": 0.1488539869973072,
    "mean_hist_gradient_boosting_r2": 0.9409974555267168,
    "mean_extra_trees_rmse": 0.14386083565703436,
    "mean_extra_trees_r2": 0.9443470827463559,
    "mean_graph_spillover_rf_rmse": 0.14503731896658642,
    "mean_graph_spillover_rf_r2": 0.943901765317214,
    "mean_xgboost_rmse": 0.165701462408145,
    "mean_xgboost_r2": 0.9289980498278844,
    "mean_lightgbm_rmse": 0.1528533557832204,
    "mean_lightgbm_r2": 0.9372863923564019,
    "mean_rf_rmse": 0.14372969452254958,
    "mean_rf_r2": 0.9446437725669016,
    "mean_hgb_rmse": 0.1488539869973072,
    "mean_hgb_r2": 0.9409974555267168,
    "mean_et_rmse": 0.14386083565703436,
    "mean_et_r2": 0.9443470827463559
  },
  "first_difference_holdout": {
    "status": "ok",
    "metrics": {
      "linear": {
        "rmse": 0.15068713567300335,
        "mae": 0.09649095583775584,
        "r2": -0.13713476710092531
      },
      "elastic_net": {
        "rmse": 0.1435874613669242,
        "mae": 0.09161149307046698,
        "r2": -0.0325060783956268
      },
      "random_forest": {
        "rmse": 0.14308773158358673,
        "mae": 0.08935393036701966,
        "r2": -0.025331689246085975
      },
      "hist_gradient_boosting": {
        "rmse": 0.14720360646872763,
        "mae": 0.09300952116676593,
        "r2": -0.08516676212564955
      },
      "extra_trees": {
        "rmse": 0.14100759731029944,
        "mae": 0.0877743881897383,
        "r2": 0.004263085950036438
      },
      "xgboost": {
        "rmse": 0.1489418033950053,
        "mae": 0.09454594199599829,
        "r2": -0.11094561369000289
      },
      "lightgbm": {
        "rmse": 0.14858093190111046,
        "mae": 0.09387821170764808,
        "r2": -0.10556870925005057
      }
    },
    "model_status": {
      "linear": "ok",
      "elastic_net": "ok",
      "random_forest": "ok",
      "hist_gradient_boosting": "ok",
      "extra_trees": "ok",
      "graph_spillover_rf": "skipped:no_graph_features",
      "xgboost": "ok",
      "lightgbm": "ok"
    },
    "n_train": 2065,
    "n_test": 590,
    "raw_track": {
      "metrics": {
        "linear": {
          "rmse": 0.15068713567300335,
          "mae": 0.09649095583775584,
          "r2": -0.13713476710092531
        },
        "elastic_net": {
          "rmse": 0.1435874613669242,
          "mae": 0.09161149307046698,
          "r2": -0.0325060783956268
        },
        "random_forest": {
          "rmse": 0.14308773158358673,
          "mae": 0.08935393036701966,
          "r2": -0.025331689246085975
        },
        "hist_gradient_boosting": {
          "rmse": 0.14720360646872763,
          "mae": 0.09300952116676593,
          "r2": -0.08516676212564955
        },
        "extra_trees": {
          "rmse": 0.14100759731029944,
          "mae": 0.0877743881897383,
          "r2": 0.004263085950036438
        },
        "xgboost": {
          "rmse": 0.1489418033950053,
          "mae": 0.09454594199599829,
          "r2": -0.11094561369000289
        },
        "lightgbm": {
          "rmse": 0.14858093190111046,
          "mae": 0.09387821170764808,
          "r2": -0.10556870925005057
        }
      },
      "model_status": {
        "linear": "ok",
        "elastic_net": "ok",
        "random_forest": "ok",
        "hist_gradient_boosting": "ok",
        "extra_trees": "ok",
        "graph_spillover_rf": "skipped:no_graph_features",
        "xgboost": "ok",
        "lightgbm": "ok"
      },
      "baseline_metrics": {
        "train_mean": {
          "rmse": 0.1420584728645734,
          "mae": 0.09303973800587233,
          "r2": -0.010633909588004364
        },
        "persistence": {
          "rmse": 0.19546750475420097,
          "mae": 0.14032628890052642,
          "r2": -0.9134130013037858
        }
      },
      "n_train": 2065,
      "n_test": 590,
      "feature_count": 54
    },
    "idiosyncratic_track": {
      "metrics": {
        "linear": {
          "rmse": 0.07545846694364151,
          "mae": 0.04781892556745911,
          "r2": 0.01942020935702582
        },
        "elastic_net": {
          "rmse": 0.07442657302765718,
          "mae": 0.044900863955563475,
          "r2": 0.04605567681469147
        },
        "random_forest": {
          "rmse": 0.07434627096696513,
          "mae": 0.045113214268319726,
          "r2": 0.04811307019710076
        },
        "hist_gradient_boosting": {
          "rmse": 0.07548187158912337,
          "mae": 0.04672837220513513,
          "r2": 0.018811830139440544
        },
        "extra_trees": {
          "rmse": 0.07422204390961404,
          "mae": 0.04512001381581273,
          "r2": 0.05129147624592412
        },
        "xgboost": {
          "rmse": 0.0788087202297471,
          "mae": 0.048343308706472944,
          "r2": -0.06958556561473284
        },
        "lightgbm": {
          "rmse": 0.07919369197887197,
          "mae": 0.0508886268211463,
          "r2": -0.08006069897724699
        }
      },
      "model_status": {
        "linear": "ok",
        "elastic_net": "ok",
        "random_forest": "ok",
        "hist_gradient_boosting": "ok",
        "extra_trees": "ok",
        "graph_spillover_rf": "skipped:no_graph_features",
        "xgboost": "ok",
        "lightgbm": "ok"
      },
      "baseline_metrics": {
        "train_mean": {
          "rmse": 0.07620202428504125,
          "mae": 0.04613586254192222,
          "r2": 0.0
        },
        "persistence": {
          "rmse": 0.12551916276394856,
          "mae": 0.07775248994092343,
          "r2": -1.7132327510003194
        }
      },
      "n_train": 1770,
      "n_test": 590,
      "feature_count": 61
    },
    "best_r2_raw": 0.004263085950036438,
    "best_r2_idiosyncratic": 0.05129147624592412,
    "delta_best_r2_idio_minus_raw": 0.04702839029588768,
    "delta_best_r2_idio_minus_persistence": 1.7645242272462434,