feature_year,target_year,n_train,n_test,linear_rmse,linear_mae,linear_r2,hist_gradient_boosting_rmse,hist_gradient_boosting_mae,hist_gradient_boosting_r2,extra_trees_rmse,extra_trees_mae,extra_trees_r2,baseline_mean_rmse,baseline_mean_mae,baseline_mean_r2,baseline_persistence_rmse,baseline_persistence_mae,baseline_persistence_r2,baseline_persistence_directional_acc,linear_directional_acc,hist_gradient_boosting_directional_acc,extra_trees_directional_acc
2020,2021,1180,295,0.1462936664929937,0.1060355122503343,0.9647877637285036,0.1417369260357674,0.1041882790291179,0.9669471755209468,0.1435337872571063,0.1019306503881032,0.9661038130286588,0.7797160615278994,0.6051515723123306,-0.0002660276843433,0.1394813097145588,0.1003396030377328,0.9679908168419812,0.0,0.4711864406779661,0.5559322033898305,0.5559322033898305
2021,2022,1475,295,0.1477494781326793,0.1019157649976279,0.96364072524154,0.1462363940161896,0.1017467859609142,0.9643816137069472,0.1481419756714028,0.1010777234591065,0.9634472913094404,0.77489496882759,0.6013985793909873,-0.0001127941373291,0.1503786586648819,0.1022899280091036,0.9623351957868908,0.0,0.576271186440678,0.5694915254237288,0.5322033898305085
2022,2023,1770,295,0.1576202899643874,0.113917062524917,0.9568152364953784,0.1504192316193278,0.1094301851092859,0.960670988306784,0.1463934696065522,0.106845855005293,0.9627479901418586,0.7595541446763927,0.590458151993651,-0.0028218249283928,0.1485129612151278,0.1059859407273734,0.9616615088669156,0.0,0.4745762711864407,0.5288135593220339,0.5084745762711864
2023,2024,2065,295,0.1375153359643418,0.0964568042127692,0.9672995214001228,0.1470030629007913,0.1016525852812165,0.96263159098353,0.1393646220728091,0.0953416305140437,0.9664141051907014,0.7623773120520634,0.5882984235325466,-0.0050594873642808,0.1367005178338715,0.09638199347974,0.9676858929005282,0.0,0.5661016949152542,0.5830508474576271,0.576271186440678
