{
  "att_post": 0.04487223071750077,
  "outcome_variable": "log_viirs_ntl",
  "treatment_spec": "direct_core",
  "stderr": 0.02350330980122486,
  "t_value": 1.90918773130252,
  "p_value": 0.1,
  "att_ci95": [
    -0.0041027743643470855,
    0.08697533600265721
  ],
  "se_method": "bootstrap_cross_fit",
  "n_obs": 3245,
  "n_post_treated": 1670,
  "n_bootstrap_ok": 60,
  "feature_count": 21,
  "estimator": "dr_crossfit",
  "use_spatial": true,
  "use_temporal": true
}