{
  "status": "ok",
  "event_rows": 7,
  "event_bootstrap_rows": 7,
  "regime_event_rows": 20,
  "regime_summary_rows": 4,
  "city_rows": 295,
  "continent_year_rows": 66,
  "continent_stability_rows": 6,
  "event_pre_abs_median": 0.01376431908791687,
  "event_post_weighted_mean": 0.06351303107470098,
  "event_post_iqr_band_mean": 0.0,
  "event_post_ci_above_zero_share": 0.75,
  "event_post_signal_to_noise_mean": 3.175651553735049,
  "resilient_accelerator_share": 0.11186440677966102,
  "stall_trap_share": 0.02711864406779661,
  "top_resilient_city": {
    "city_id": "buenos_aires_ar",
    "city_name": "Buenos Aires",
    "country": "Argentina",
    "continent": "South America",
    "envelope_score_0_100": 82.80754890373343,
    "stall_risk_score": 28.41341136486245,
    "class": "resilient_accelerator"
  },
  "top_fragility_city": {
    "city_id": "seoul_kr",
    "city_name": "Seoul",
    "country": "South Korea",
    "continent": "Asia",
    "fragility_gap": 43.954939376604166,
    "envelope_score_0_100": 32.643493821993,
    "stall_risk_score": 76.59843319859716,
    "class": "stall_trap"
  },
  "best_regime_absorption": {
    "event_type": "enter_deep_cooling",
    "n_rows": 5,
    "n_obs_total": 3379,
    "pre_signal_mean": 0.10639941687181481,
    "impact_signal": -0.5034719399642773,
    "post_signal_mean": 0.14533655311032337,
    "growth_impact": -1.944234349902332,
    "risk_impact": -20.388254571416272,
    "post_risk_relief": 2.8114641551903112,
    "absorption_score_0_100": 100.0
  },
  "top_continent_stability": {
    "continent": "Africa",
    "year_count": 11,
    "score_last": 57.66074038840423,
    "score_mean": 53.72449779044525,
    "trend_slope": 0.7622820861826529,
    "trend_ci_low_95": -0.9738276686876725,
    "trend_ci_high_95": 2.3166974566068417,
    "yoy_volatility": 8.000079194725128,
    "yoy_positive_share": 0.5454545454545454,
    "stability_score_0_100": 70.65772750296617,
    "stability_rank": 1
  },
  "bottom_continent_stability": {
    "continent": "Oceania",
    "year_count": 11,
    "score_last": 55.96028383620992,
    "score_mean": 54.241166471056005,
    "trend_slope": 0.38817159413689295,
    "trend_ci_low_95": -1.9935245022366046,
    "trend_ci_high_95": 2.605538339080365,
    "yoy_volatility": 9.956485240985806,
    "yoy_positive_share": 0.45454545454545453,
    "stability_score_0_100": 23.168344301384675,
    "stability_rank": 6
  },
  "mean_continent_stability_score": 49.45642197869674,
  "continents_covered": 6,
  "year_min": 2015,
  "year_max": 2025,
  "artifacts": {
    "event_csv": "D:\\User\\Desktop\\CC\\data\\outputs\\dynamic_causal_envelope_event.csv",
    "event_bootstrap_csv": "D:\\User\\Desktop\\CC\\data\\outputs\\dynamic_causal_envelope_event_bootstrap.csv",
    "regime_event_csv": "D:\\User\\Desktop\\CC\\data\\outputs\\dynamic_causal_envelope_regime.csv",
    "regime_summary_csv": "D:\\User\\Desktop\\CC\\data\\outputs\\dynamic_causal_envelope_regime_summary.csv",
    "city_scores_csv": "D:\\User\\Desktop\\CC\\data\\outputs\\dynamic_causal_envelope_city_scores.csv",
    "continent_year_csv": "D:\\User\\Desktop\\CC\\data\\outputs\\dynamic_causal_envelope_continent_year.csv",
    "continent_stability_csv": "D:\\User\\Desktop\\CC\\data\\outputs\\dynamic_causal_envelope_continent_stability.csv"
  }
}