{
  "status": "ok",
  "indicators_evaluated": 9,
  "external_panel_origin": "wb_extra_panel_cache",
  "avg_twfe_abs_t": 0.9713175613170235,
  "avg_twfe_p_value": 0.5124362547994513,
  "avg_predictive_r2_uplift": 0.01280082055291708,
  "indicator_results": [
    {
      "indicator": "patent_residents",
      "n_obs": 1360,
      "twfe_coef_composite": 65.85630579867096,
      "twfe_stderr_composite": 219.7015425188306,
      "twfe_t_value_composite": 0.2997534976024414,
      "twfe_p_value_composite": 0.7643651885945129,
      "twfe_r2_within": 0.010414635997537558,
      "mean_spearman_rank_corr": 0.43619654848094924,
      "predictive_uplift": {
        "status": "ok",
        "split_year": 2022,
        "n_train": 1088,
        "n_test": 272,
        "r2_base": 0.005702905442612205,
        "r2_plus_composite": 0.026998411279563483,
        "r2_uplift": 0.02129550583695128
      }
    },
    {
      "indicator": "researchers_per_million",
      "n_obs": 1360,
      "twfe_coef_composite": 1.9451907380623914,
      "twfe_stderr_composite": 7.2619646938056235,
      "twfe_t_value_composite": 0.2678601205155428,
      "twfe_p_value_composite": 0.7888069914920188,
      "twfe_r2_within": 0.14055025204182814,
      "mean_spearman_rank_corr": 0.37507870828880197,
      "predictive_uplift": {
        "status": "ok",
        "split_year": 2022,
        "n_train": 1088,
        "n_test": 272,
        "r2_base": 0.515499765594476,
        "r2_plus_composite": 0.5153895777077001,
        "r2_uplift": -0.00011018788677585878
      }
    },
    {
      "indicator": "high_tech_exports_share",
      "n_obs": 1360,
      "twfe_coef_composite": -0.20440891069273573,
      "twfe_stderr_composite": 0.14489941245992857,
      "twfe_t_value_composite": -1.4106952348703574,
      "twfe_p_value_composite": 0.1583344966374045,
      "twfe_r2_within": 0.027445563829230246,
      "mean_spearman_rank_corr": 0.16509381521989572,
      "predictive_uplift": {
        "status": "ok",
        "split_year": 2022,
        "n_train": 1088,
        "n_test": 272,
        "r2_base": 0.2677541344647242,
        "r2_plus_composite": 0.28328836575486516,
        "r2_uplift": 0.015534231290140976
      }
    },
    {
      "indicator": "employment_rate",
      "n_obs": 1360,
      "twfe_coef_composite": 0.01516626941640382,
      "twfe_stderr_composite": 0.04787169097233893,
      "twfe_t_value_composite": 0.3168108146663786,
      "twfe_p_value_composite": 0.7513871576882811,
      "twfe_r2_within": 0.18936509288956904,
      "mean_spearman_rank_corr": -0.23730836712892606,
      "predictive_uplift": {
        "status": "ok",
        "split_year": 2022,
        "n_train": 1088,
        "n_test": 272,
        "r2_base": 0.40381720273194865,
        "r2_plus_composite": 0.4240411053684523,
        "r2_uplift": 0.020223902636503643
      }
    },
    {
      "indicator": "urban_population_share",
      "n_obs": 1360,
      "twfe_coef_composite": -0.001912857523312377,
      "twfe_stderr_composite": 0.034762553907320755,
      "twfe_t_value_composite": -0.05502638063970157,
      "twfe_p_value_composite": 0.9561174469165832,
      "twfe_r2_within": 0.03381267000582766,
      "mean_spearman_rank_corr": 0.46682376024856087,
      "predictive_uplift": {
        "status": "ok",
        "split_year": 2022,
        "n_train": 1088,
        "n_test": 272,
        "r2_base": 0.5789097883817101,
        "r2_plus_composite": 0.5793227999639444,
        "r2_uplift": 0.0004130115822342795
      }
    },
    {
      "indicator": "electricity_access",
      "n_obs": 1360,
      "twfe_coef_composite": -0.0637672304178706,
      "twfe_stderr_composite": 0.09695460064943479,
      "twfe_t_value_composite": -0.6577019552526241,
      "twfe_p_value_composite": 0.510729665726577,
      "twfe_r2_within": 0.04648292066574733,
      "mean_spearman_rank_corr": 0.600684172208471,
      "predictive_uplift": {
        "status": "ok",
        "split_year": 2022,
        "n_train": 1088,
        "n_test": 272,
        "r2_base": 0.6219505993452974,
        "r2_plus_composite": 0.6409546448789067,
        "r2_uplift": 0.01900404553360935
      }
    },
    {
      "indicator": "fixed_broadband_subscriptions",
      "n_obs": 1360,
      "twfe_coef_composite": 0.13452053079908413,
      "twfe_stderr_composite": 0.06848686190707169,
      "twfe_t_value_composite": 1.9641800931339513,
      "twfe_p_value_composite": 0.049509210527633574,
      "twfe_r2_within": 0.07931098362067523,
      "mean_spearman_rank_corr": 0.5334496334408444,
      "predictive_uplift": {
        "status": "ok",
        "split_year": 2022,
        "n_train": 1088,
        "n_test": 272,
        "r2_base": 0.7223728014686932,
        "r2_plus_composite": 0.7307652199076493,
        "r2_uplift": 0.008392418438956106
      }
    },
    {
      "indicator": "pm25_exposure",
      "n_obs": 1360,
      "twfe_coef_composite": -0.29869684075313707,
      "twfe_stderr_composite": 0.09077660417860463,
      "twfe_t_value_composite": -3.290460614338972,
      "twfe_p_value_composite": 0.001000235031097585,
      "twfe_r2_within": 0.018795732698718814,
      "mean_spearman_rank_corr": -0.19011138556306822,
      "predictive_uplift": {
        "status": "ok",
        "split_year": 2022,
        "n_train": 1088,
        "n_test": 272,
        "r2_base": 0.26098900595979346,
        "r2_plus_composite": 0.27178894049075586,
        "r2_uplift": 0.010799934530962396
      }
    },
    {
      "indicator": "electricity_broadband_proxy",
      "n_obs": 1360,
      "twfe_coef_composite": 0.03445607194059361,
      "twfe_stderr_composite": 0.07187792168915494,
      "twfe_t_value_composite": 0.47936934083324223,
      "twfe_p_value_composite": 0.6316759005809525,
      "twfe_r2_within": 0.04750973053000551,
      "mean_spearman_rank_corr": 0.5506011163589523,
      "predictive_uplift": {
        "status": "ok",
        "split_year": 2022,
        "n_train": 1088,
        "n_test": 272,
        "r2_base": 0.7786725552568902,
        "r2_plus_composite": 0.7983270782705617,
        "r2_uplift": 0.019654523013671543
      }
    }
  ]
}