variant,design_variant,did_coef,did_t_value,did_p_value,identification_strength,pretrend_pass,pre_max_abs_t,robustness_pass_rate,signal_score,credibility_score,pretrend_score,consistency_score,resilience_score_0_100,stress_risk_0_100,stress_grade
main_design,direct_core,0.0601792837863874,1.4883509001117703,0.1398692798957151,39.9451432367657,0.0,1.3189633207404396,0.4,0.4961169667039234,0.399451432367657,0.5603455597531868,1.0,49.01320630991263,50.98679369008737,C
source_external_direct,source_external_direct_common_shock,-0.0178537394618353,-0.4392478063117233,0.6611842553887415,24.89142094323845,0.0,1.3189633207404396,0.2,0.1464159354372411,0.2489142094323845,0.5603455597531868,0.0,25.79912629237981,74.20087370762019,D
source_ai_inferred,source_ai_inferred_common_shock,-0.0178537394618353,-0.4392478063117233,0.6611842553887415,24.79239777033293,0.0,1.3189633207404396,0.2,0.1464159354372411,0.2479239777033293,0.5603455597531868,0.0,25.765458413591936,74.23454158640806,D
source_objective_indicator,source_objective_indicator_common_shock,-0.0178537394618353,-0.4392478063117233,0.6611842553887415,24.79239777033293,0.0,1.3189633207404396,0.2,0.1464159354372411,0.2479239777033293,0.5603455597531868,0.0,25.765458413591936,74.23454158640806,D
source_objective_macro,source_objective_macro_common_shock,-0.0178537394618353,-0.4392478063117233,0.6611842553887415,24.79239777033293,0.0,1.3189633207404396,0.2,0.1464159354372411,0.2479239777033293,0.5603455597531868,0.0,25.765458413591936,74.23454158640806,D
direct_event_design,direct_core,-0.0178537394618353,-0.4392478063117233,0.6611842553887415,24.89142094323845,0.0,,0.2,0.1464159354372411,0.2489142094323845,0.0,0.0,15.71290621682245,84.28709378317755,D
evidence_evidence_ab,evidence_ab,-0.0178537394618353,-0.4392478063117233,0.6611842553887415,24.89142094323845,0.0,,0.2,0.1464159354372411,0.2489142094323845,0.0,0.0,15.71290621682245,84.28709378317755,D
evidence_evidence_a,evidence_a,-0.0178537394618353,-0.4392478063117233,0.6611842553887415,10.891420943238456,0.0,,0.0,0.1464159354372411,0.1089142094323845,0.0,0.0,5.752906216822451,94.24709378317756,D
