{
  "status": "ok",
  "event_rows": 1349,
  "event_rows_by_grade": {
    "A": 1098,
    "B": 251,
    "C": 0
  },
  "iso3_covered_by_grade": {
    "A": 95,
    "B": 42,
    "C": 0
  },
  "iso3_share_by_grade": {
    "A": 0.6985294117647058,
    "B": 0.3088235294117647,
    "C": 0.0
  },
  "high_evidence_share_events": 0.8139362490733877,
  "high_evidence_share_countries": 0.6985294117647058
}