shock_year,event_time,vulnerability_group,n_obs,mean_rel_change,mean_growth
2016,-1,high_risk,89,0.0,-0.0359821169767791
2016,-1,low_risk,89,0.0,-0.0359821169767791
2016,0,high_risk,89,-0.8027250647856708,-0.8027250647856708
2016,0,low_risk,89,-0.3189020350718339,-0.3189020350718339
2016,1,high_risk,89,-0.545283542099045,0.2574415226866258
2016,1,low_risk,89,0.311617913995557,0.630519949067391
2016,2,high_risk,89,-0.546850111847099,-0.0015665697480539
2016,2,low_risk,89,0.6976922624628921,0.386074348467335
2020,-2,high_risk,89,-1.211149894417534,0.1436478884780724
2020,-2,low_risk,89,0.7467383709810422,0.1316664602168279
2020,-1,high_risk,89,0.0,1.211149894417534
2020,-1,low_risk,89,0.0,-0.7467383709810422
2020,0,high_risk,89,-0.8784555532994766,-0.8784555532994766
2020,0,low_risk,89,0.1459018356779318,0.1459018356779318
2020,1,high_risk,89,-0.9444430231635864,-0.0659874698641099
2020,1,low_risk,89,0.2928882253264124,0.1469863896484806
2020,2,high_risk,89,-0.9643067391376016,-0.0198637159740151
2020,2,low_risk,89,0.3270302835716518,0.0341420582452394
2024,-2,high_risk,89,-0.9073509056228776,0.1163462309978
2024,-2,low_risk,89,0.9159274116719052,-0.005046017718943
2024,-1,high_risk,89,0.0,0.9073509056228776
2024,-1,low_risk,89,0.0,-0.9159274116719052
2024,0,high_risk,89,-0.5874657544036314,-0.5874657544036314
2024,0,low_risk,89,0.4553617001976767,0.4553617001976767
2024,1,high_risk,89,-0.3548124925632365,0.2326532618403948
2024,1,low_risk,89,0.6638439792026987,0.2084822790050219
