continent,n_eval,years_observed,year_min,year_max,base_roc_auc,selected_roc_auc,delta_auc,delta_auc_ci95_low,delta_auc_ci95_high,delta_auc_p_value,base_brier,selected_brier,delta_brier,delta_brier_improve_ci95_low,delta_brier_improve_ci95_high,delta_brier_improve_p_value
Africa,208,4,2021,2024,0.693374060150376,0.7353148496240601,0.0419407894736841,0.0126828551640186,0.0711702474444565,0.0,0.1993226232357258,0.1868913815690346,-0.0124312416666912,0.0075917438046962,0.0187359227706122,0.0
Asia,296,4,2021,2024,0.7898550724637682,0.7920289855072463,0.0021739130434781,-0.0465009947964493,0.039130175075234,0.9777777777777776,0.1825258568233282,0.1728904295181496,-0.0096354273051786,0.0032101393496572,0.015495538120418,0.0
Europe,268,4,2021,2024,0.6752698934725102,0.7015085436476729,0.0262386501751626,0.0021490650773192,0.04912216408456,0.0444444444444444,0.1950587940301776,0.1925633325844702,-0.0024954614457074,-0.0015410628326445,0.0069859773729508,0.2222222222222222
North America,176,4,2021,2024,0.7144464084846537,0.7682789651293588,0.0538325566447051,0.0099205061648281,0.0993874045801526,0.0,0.1972065548084887,0.1842172674076333,-0.0129892874008554,0.0053450773547195,0.0198839011285023,0.0
Oceania,76,4,2021,2024,0.61875,0.6741071428571428,0.0553571428571427,-0.0032720370003956,0.1234823625922888,0.0777777777777777,0.2062334123519453,0.2028048742127405,-0.0034285381392048,-0.0095850365486203,0.0158780689952104,0.5444444444444444
South America,156,4,2021,2024,0.7045803199649353,0.7438088976550514,0.0392285776901161,0.0036577645630201,0.0830589307386868,0.0222222222222222,0.1861228135570261,0.1851285025848186,-0.0009943109722074,-0.007171684513982,0.0083692758276862,0.8444444444444444
