gate_column,gate_group,train_rows,specialized,alpha_dynamic,alpha_graph,alpha_critical,alpha_base,train_objective
kinetic_state,deep_cooling,505,1,0.0696551724137931,0.2348275862068965,0.1939310344827586,0.5015862068965518,0.6700660577506825
kinetic_state,mixed_transition,736,1,0.0,0.2384937238493724,0.1953974895397489,0.5661087866108787,0.6493363971821733
kinetic_state,overheating,71,0,0.0,0.2,0.18,0.6200000000000001,0.7194759902383481
kinetic_state,recovery_rebound,51,0,0.0,0.2,0.18,0.6200000000000001,0.7194759902383481
kinetic_state,steady_cruise,427,1,0.0,0.1670015455950541,0.1931993817619783,0.6397990726429675,0.674509542163246
kinetic_state,surge_expansion,570,1,0.0,0.2360759493670886,0.1944303797468354,0.5694936708860759,0.6661104346377664
