estimator,value,delta_vs_behavior,ci_low,ci_high,ci_contains_zero_uplift,effective_sample_size,weight_mean,weight_p95,weight_max,n_rows
behavior,-31.18412214294799,0.0,-31.63070505837112,-30.72707887919579,,2152.5092860314467,0.8878251441840189,2.0634271186561906,3.1251217542796583,2950
ips,-25.34260735513725,5.841514787810738,-25.898929477262996,-24.830257258667395,False,2152.5092860314467,0.8878251441840189,2.0634271186561906,3.1251217542796583,2950
snips,-28.544592954087936,2.639529188860056,-28.968236660842,-28.1092106877066,False,2152.5092860314467,0.8878251441840189,2.0634271186561906,3.1251217542796583,2950
dr,-28.68803070633425,2.4960914366137423,-29.176487751850832,-28.271596067765437,False,2152.5092860314467,0.8878251441840189,2.0634271186561906,3.1251217542796583,2950
