continent,country_count,city_count,mean_composite,mean_accel,mean_risk,mean_source_quality,mean_sentinel_score,mean_changepoint_prob,critical_country_share,warning_country_share,nowcast_stall_pressure,nowcast_pulse_balance
Asia,38,74,30.672079909758956,69.25494262447903,44.006024094747325,100.0,24.439684196907532,0.2947427555848194,0.0,0.02631578947368421,-25.248918529731704,25.248918529731704
Oceania,4,19,27.237505162238328,66.76961718016985,41.2383026826672,100.0,27.27583937348832,0.4082334144128492,0.0,0.25,-25.53131449750265,25.53131449750265
North America,12,44,28.016929753565407,75.26555865087694,40.76591998590235,100.0,26.309424621906363,0.3760940890753976,0.0,0.0,-34.49963866497459,34.49963866497459
Europe,34,67,31.898652996659294,61.20190884192933,40.178832218173454,100.0,24.943371371724606,0.3274345437553379,0.0,0.0,-21.023076623755877,21.023076623755877
Africa,37,52,27.056433504863158,57.21462330044299,37.88772618867088,100.0,23.584860479419334,0.30503066466450685,0.0,0.0,-19.326897111772105,19.326897111772105
South America,12,39,28.72828811677819,57.686929794264096,37.88202729039738,100.0,22.908569169373312,0.2953515264251921,0.0,0.0,-19.804902503866714,19.804902503866714
