{
  "status": "ok",
  "innovation_frontier_rows": 19,
  "innovation_pareto_count": 1,
  "identification_spectrum_rows": 8,
  "identification_strength_mean": 24.98600254008979,
  "identification_robust_pass_rate_mean": 0.16666666666666666,
  "identification_strength_primary_weighted": 25.242661707747537,
  "identification_robust_pass_rate_primary_weighted": 0.16666666666666666,
  "evidence_convergence_rows": 12,
  "evidence_overall_score_0_100": 67.13456362034465,
  "dynamic_causal_envelope": {
    "event_post_weighted_mean": 0.06351303107470098,
    "event_pre_abs_median": 0.01376431908791687,
    "event_post_iqr_band_mean": 0.0,
    "event_post_ci_above_zero_share": 0.75,
    "event_post_signal_to_noise_mean": 3.175651553735049,
    "resilient_accelerator_share": 0.11186440677966102,
    "stall_trap_share": 0.02711864406779661,
    "continents_covered": 6.0,
    "top10_envelope_score_mean": 76.65435002950538,
    "top10_envelope_risk_mean": 32.114949012879805,
    "top_continent_stability_score": 70.65772750296617,
    "mean_continent_stability_score": 49.45642197869674
  },
  "pulse_dynamics": {
    "transition_continent_coverage": 6.0,
    "global_stall_entry_probability": 0.029152542372881354,
    "global_stall_exit_half_life": 1.0,
    "global_accel_break_half_life": 1.0,
    "global_resilience_score_0_100": 50.0,
    "global_warning_auc_h1": 0.7196260543123202,
    "global_warning_auc_h2": 0.645441936413409,
    "global_warning_auc_h3": 0.6187786995948292,
    "global_warning_lift_h1": 2.217513416815742,
    "global_warning_lift_h2": 1.5975384615384614,
    "global_warning_lift_h3": 1.4060526870389884
  },
  "pulse_nowcast": {
    "continents_covered": 6.0,
    "global_backtest_r2": -13.683695373534006,
    "global_backtest_coverage95": 0.9,
    "global_backtest_directional_accuracy": 0.5,
    "global_prob_decelerate": 0.4416959047738054,
    "global_prob_accelerate": 0.5033769406154434,
    "mean_continent_prob_decelerate": 0.4302842450509294,
    "mean_continent_prob_accelerate": 0.49713073313008455
  },
  "dynamic_method_core": {
    "continents_covered": 6.0,
    "cities_covered": 295.0,
    "eval_years": 6.0,
    "main_mae": 11.28407769499764,
    "main_rmse": 14.31375208079203,
    "main_ternary_accuracy": 0.6237288135593221,
    "main_coverage95": 0.8468926553672317,
    "mae_skill_vs_naive": 0.1591125107060446,
    "mae_gain_vs_ridge_ar2": 1.720721073161906,
    "ternary_gain_vs_ridge_ar2": -0.005649717514124242,
    "p_value_mae_improve_vs_ridge_ar2": 0.0,
    "p_value_ternary_improve_vs_ridge_ar2": 0.6935
  },
  "top_tier_gate": {
    "ready": false,
    "gate_pass_rate": 0.782608695652174,
    "failed_gate_count": 5,
    "priority_gaps": [
      {
        "gate": "dynamic_method_direction_significance",
        "metric": "dynamic_method_core_p_value_ternary_improve_vs_ridge_ar2",
        "value": 0.6935,
        "threshold": 0.1,
        "direction": "max"
      },
      {
        "gate": "dynamic_method_ternary_gain",
        "metric": "dynamic_method_core_ternary_gain_vs_ridge_ar2",
        "value": -0.005649717514124242,
        "threshold": 0.01,
        "direction": "min"
      },
      {
        "gate": "evidence_convergence",
        "metric": "evidence_overall_score_0_100",
        "value": 67.13456362034465,
        "threshold": 70.0,
        "direction": "min"
      }
    ]
  },
  "best_frontier_candidate": {
    "candidate": "convex_blend",
    "alphas": {
      "alpha_dynamic": 0.0,
      "alpha_graph": 0.25,
      "alpha_critical": 0.2,
      "alpha_base": 0.55
    },
    "eval_roc_auc": 0.7445265462506843,
    "eval_average_precision": 0.4949138219900852,
    "eval_brier": 0.1741984267382071,
    "frontier_score": 0.8,
    "is_pareto_efficient": true
  },
  "artifacts": {
    "frontier_csv": "D:\\User\\Desktop\\CC\\data\\outputs\\top_tier_innovation_frontier.csv",
    "identification_csv": "D:\\User\\Desktop\\CC\\data\\outputs\\top_tier_identification_spectrum.csv",
    "convergence_csv": "D:\\User\\Desktop\\CC\\data\\outputs\\top_tier_evidence_convergence.csv",
    "gate_checks_csv": "D:\\User\\Desktop\\CC\\data\\outputs\\top_tier_gate_checks.csv"
  }
}